course_field,course_code
"Agriculture, Environment and related Studies",215064
"Agriculture, Environment and related Studies",187486
"Agriculture, Environment and related Studies",214024
"Agriculture, Environment and related Studies",160721
"Agriculture, Environment and related Studies",393676
"Agriculture, Environment and related Studies",393677
"Agriculture, Environment and related Studies",215044
"Agriculture, Environment and related Studies",187025
"Agriculture, Environment and related Studies",757627
"Agriculture, Environment and related Studies",757628
"Agriculture, Environment and related Studies",300549
"Agriculture, Environment and related Studies",138201
"Agriculture, Environment and related Studies",138202
"Agriculture, Environment and related Studies",429540
"Agriculture, Environment and related Studies",429560
"Agriculture, Environment and related Studies",590450
"Agriculture, Environment and related Studies",160431
"Agriculture, Environment and related Studies",392687
"Agriculture, Environment and related Studies",392690
"Agriculture, Environment and related Studies",757612
"Agriculture, Environment and related Studies",757618
"Agriculture, Environment and related Studies",482750
"Agriculture, Environment and related Studies",482760
"Agriculture, Environment and related Studies",214340
"Agriculture, Environment and related Studies",214341
"Agriculture, Environment and related Studies",482770
"Agriculture, Environment and related Studies",482780
"Agriculture, Environment and related Studies",283613
"Agriculture, Environment and related Studies",283614
"Agriculture, Environment and related Studies",393605
"Agriculture, Environment and related Studies",393606
"Agriculture, Environment and related Studies",368023
"Agriculture, Environment and related Studies",751294
"Agriculture, Environment and related Studies",513940
"Agriculture, Environment and related Studies",391682
"Agriculture, Environment and related Studies",391683
"Agriculture, Environment and related Studies",751293
"Agriculture, Environment and related Studies",489830
"Agriculture, Environment and related Studies",489829
"Agriculture, Environment and related Studies",187492
"Agriculture, Environment and related Studies",334015
"Agriculture, Environment and related Studies",214044
"Agriculture, Environment and related Studies",214070
"Agriculture, Environment and related Studies",214071
"Agriculture, Environment and related Studies",593090
Architecture and Building,160221
Architecture and Building,160241
Architecture and Building,283422
Architecture and Building,722547
Architecture and Building,423000
Architecture and Building,513100
Architecture and Building,361125
Architecture and Building,160231
Architecture and Building,722516
Architecture and Building,160251
Architecture and Building,423600
Architecture and Building,423100
Architecture and Building,423200
Architecture and Building,482450
Architecture and Building,482460
Architecture and Building,283445
Architecture and Building,160581
Architecture and Building,720133
Architecture and Building,720134
Architecture and Building,602025
Architecture and Building,609195
Architecture and Building,722519
Architecture and Building,482500
Architecture and Building,513115
Architecture and Building,602010
Architecture and Building,513120
Architecture and Building,609535
Architecture and Building,609556
Architecture and Building,602060
Architecture and Building,609550
Architecture and Building,609280
Architecture and Building,423300
Architecture and Building,423400
Architecture and Building,551050
Architecture and Building,551060
Architecture and Building,423500
Architecture and Building,602020
Architecture and Building,363129
Architecture and Building,300141
Architecture and Building,187480
Architecture and Building,727628
Architecture and Building,727630
Architecture and Building,513610
Architecture and Building,482705
Architecture and Building,482706
Architecture and Building,363004
Architecture and Building,363005
Architecture and Building,391647
Architecture and Building,391648
Architecture and Building,283421
Architecture and Building,283429
Architecture and Building,729615
Architecture and Building,729412
Architecture and Building,489834
Architecture and Building,729630
Architecture and Building,729435
Architecture and Building,551120
Architecture and Building,489987
Architecture and Building,489989
Architecture and Building,593100
Creative Arts,630120
Creative Arts,630150
Creative Arts,630155
Creative Arts,160911
Creative Arts,630190
Creative Arts,630195
Creative Arts,630125
Creative Arts,630170
Creative Arts,630175
Creative Arts,630320
Creative Arts,630325
Creative Arts,551020
Creative Arts,630010
Creative Arts,630015
Creative Arts,600035
Creative Arts,609526
Creative Arts,609347
Creative Arts,333110
Creative Arts,590620
Creative Arts,590630
Creative Arts,590680
Creative Arts,590684
Creative Arts,590640
Creative Arts,362004
Creative Arts,362006
Creative Arts,362007
Creative Arts,590650
Creative Arts,590690
Creative Arts,590694
Creative Arts,590670
Creative Arts,590674
Creative Arts,590660
Creative Arts,513215
Creative Arts,363286
Creative Arts,751350
Creative Arts,720731
Creative Arts,630040
Creative Arts,630045
Creative Arts,551030
Creative Arts,720700
Creative Arts,720705
Creative Arts,720708
Creative Arts,729210
Creative Arts,482350
Creative Arts,211337
Creative Arts,720120
Creative Arts,720122
Creative Arts,600007
Creative Arts,609495
Creative Arts,609298
Creative Arts,600013
Creative Arts,609505
Creative Arts,609300
Creative Arts,600018
Creative Arts,609510
Creative Arts,609310
Creative Arts,600028
Creative Arts,609520
Creative Arts,600023
Creative Arts,609515
Creative Arts,609320
Creative Arts,600033
Creative Arts,609525
Creative Arts,609330
Creative Arts,283205
Creative Arts,283202
Creative Arts,283228
Creative Arts,753110
Creative Arts,362427
Creative Arts,362428
Creative Arts,362429
Creative Arts,362430
Creative Arts,751254
Creative Arts,751357
Creative Arts,751355
Creative Arts,361532
Creative Arts,751354
Creative Arts,751353
Creative Arts,751278
Creative Arts,551010
Creative Arts,720732
Creative Arts,724525
Creative Arts,333101
Creative Arts,333131
Creative Arts,103317
Creative Arts,754601
Creative Arts,751280
Creative Arts,JMC070
Creative Arts,JMC060
Creative Arts,754603
Creative Arts,751281
Creative Arts,754607
Creative Arts,751283
Creative Arts,754605
Creative Arts,751282
Creative Arts,JMC050
Creative Arts,751501
Creative Arts,751231
Creative Arts,751506
Creative Arts,751503
Creative Arts,751505
Creative Arts,751507
Creative Arts,630440
Creative Arts,630445
Creative Arts,720730
Creative Arts,720728
Creative Arts,JMC030
Creative Arts,52
Creative Arts,283255
Creative Arts,421100
Creative Arts,139103
Creative Arts,421050
Creative Arts,362107
Creative Arts,362108
Creative Arts,362109
Creative Arts,720715
Creative Arts,JMC080
Creative Arts,720124
Creative Arts,722520
Creative Arts,630060
Creative Arts,630065
Creative Arts,602040
Creative Arts,609540
Creative Arts,609260
Creative Arts,602050
Creative Arts,609545
Creative Arts,609270
Creative Arts,602070
Creative Arts,609555
Creative Arts,609290
Creative Arts,283256
Creative Arts,363205
Creative Arts,720733
Creative Arts,422141
Creative Arts,422145
Creative Arts,421051
Creative Arts,421101
Creative Arts,160521
Creative Arts,333103
Creative Arts,333130
Creative Arts,BEM-Syd
Creative Arts,BEM-Mel
Creative Arts,550106
Creative Arts,630090
Creative Arts,630095
Creative Arts,630080
Creative Arts,630085
Creative Arts,551022
Creative Arts,620010
Creative Arts,421000
Creative Arts,421010
Creative Arts,421001
Creative Arts,421020
Creative Arts,422140
Creative Arts,422143
Creative Arts,425560
Creative Arts,421030
Creative Arts,551090
Creative Arts,729026
Creative Arts,283427
Creative Arts,722530
Creative Arts,722535
Creative Arts,W10010
Creative Arts,754700
Creative Arts,751660
Creative Arts,751234
Creative Arts,751664
Creative Arts,751665
Creative Arts,751666
Creative Arts,751663
Creative Arts,422800
Creative Arts,422700
Creative Arts,422710
Creative Arts,422720
Creative Arts,197500
Creative Arts,300154
Creative Arts,391640
Creative Arts,391641
Creative Arts,421200
Creative Arts,422142
Creative Arts,422810
Creative Arts,422500
Creative Arts,139114
Creative Arts,160821
Creative Arts,300148
Creative Arts,401604
Creative Arts,401606
Creative Arts,513400
Creative Arts,720720
Creative Arts,AM
Creative Arts,AUD
Creative Arts,CLAS
Creative Arts,CMP-Syd
Creative Arts,CMP-Mel
Creative Arts,513405
Creative Arts,PCO-Syd
Creative Arts,PCO-Mel
Creative Arts,720126
Creative Arts,513410
Creative Arts,MT-Syd
Creative Arts,MT-Mel
Creative Arts,80
Creative Arts,513415
Creative Arts,489814
Creative Arts,489813
Creative Arts,600006
Creative Arts,609296
Creative Arts,JMC010
Creative Arts,JMC090
Creative Arts,JMC020
Creative Arts,422531
Creative Arts,513406
Creative Arts,513416
Creative Arts,422501
Creative Arts,422510
Creative Arts,720734
Creative Arts,422502
Creative Arts,422520
Creative Arts,422503
Creative Arts,422504
Creative Arts,422505
Creative Arts,422530
Creative Arts,754820
Creative Arts,751296
Creative Arts,754825
Creative Arts,751284
Creative Arts,720718
Creative Arts,630310
Creative Arts,630315
Creative Arts,751285
Creative Arts,551021
Creative Arts,139104
Creative Arts,513290
Creative Arts,103304
Creative Arts,513295
Creative Arts,484650
Creative Arts,729605
Creative Arts,729396
Creative Arts,729404
Creative Arts,729622
Creative Arts,729623
Creative Arts,729624
Creative Arts,729426
Creative Arts,729427
Creative Arts,729428
Creative Arts,729638
Creative Arts,729639
Creative Arts,729443
Creative Arts,729444
Creative Arts,630220
Creative Arts,630225
Creative Arts,551141
Creative Arts,333014
Creative Arts,333064
Creative Arts,301003
Creative Arts,JMC035
Creative Arts,630230
Creative Arts,630235
Creative Arts,551111
Creative Arts,360005
Creative Arts,JMC055
Creative Arts,JMC075
Creative Arts,JMC065
Creative Arts,630450
Creative Arts,630455
Creative Arts,551150
Creative Arts,360035
Creative Arts,JMC085
Creative Arts,160811
Creative Arts,550107
Creative Arts,630240
Creative Arts,630245
Creative Arts,551142
Creative Arts,551190
Creative Arts,630250
Creative Arts,630255
Creative Arts,630260
Creative Arts,630265
Creative Arts,551110
Creative Arts,130015
Creative Arts,640040
Creative Arts,160831
Creative Arts,630270
Creative Arts,630275
Creative Arts,JMC015
Creative Arts,JMC095
Creative Arts,JMC025
Creative Arts,551160
Creative Arts,630300
Creative Arts,551143
Creative Arts,301201
Creative Arts,301215
Creative Arts,301223
Education,187485
Education,187100
Education,189100
Education,197100
Education,187032
Education,729017
Education,729018
Education,729019
Education,729022
Education,729023
Education,729024
Education,728994
Education,728995
Education,728996
Education,720108
Education,720109
Education,720110
Education,729000
Education,729004
Education,729005
Education,720114
Education,720115
Education,720116
Education,729011
Education,729014
Education,729016
Education,302440
Education,302445
Education,729050
Education,729051
Education,729052
Education,600065
Education,600064
Education,302446
Education,422120
Education,600060
Education,600061
Education,600062
Education,364103
Education,187031
Education,188031
Education,331112
Education,331169
Education,101120
Education,101121
Education,600066
Education,422130
Education,283226
Education,101113
Education,101114
Education,101115
Education,101129
Education,396753
Education,396757
Education,484750
Education,484760
Education,213091
Education,213094
Education,213097
Education,513240
Education,729029
Education,331116
Education,331172
Education,331182
Education,513245
Education,396752
Education,396758
Education,213160
Education,213161
Education,213164
Education,213167
Education,396760
Education,396763
Education,101200
Education,101202
Education,101210
Education,101211
Education,101212
Education,101000
Education,101100
Education,101101
Education,101102
Education,513250
Education,729027
Education,484800
Education,484810
Education,187430
Education,189985
Education,331115
Education,331171
Education,331181
Education,729032
Education,331118
Education,331173
Education,331183
Education,101220
Education,101222
Education,396693
Education,396694
Education,396695
Education,396696
Education,101230
Education,101232
Education,101233
Education,513266
Education,484860
Education,484870
Education,187431
Education,189990
Education,331119
Education,331174
Education,331184
Education,101240
Education,101116
Education,101108
Education,101104
Education,101107
Education,213204
Education,331120
Education,331175
Education,331185
Education,755113
Education,755111
Education,751289
Education,751291
Education,590290
Education,590300
Education,590304
Education,590310
Education,187432
Education,189980
Education,188034
Education,513267
Education,101124
Education,101125
Education,101126
Education,101127
Education,396759
Education,755101
Education,729034
Education,755102
Education,187482
Education,650190
Education,364003
Education,755112
Education,650210
Education,364023
Education,364033
Education,364024
Education,751290
Education,753225
Education,302448
Education,755103
Education,751288
Education,600050
Education,600052
Education,600053
Education,650220
Education,364044
Education,364053
Education,364063
Education,396761
Education,396762
Education,300423
Education,300424
Education,600063
Education,591120
Education,183012
Education,729604
Education,729600
Education,729601
Education,729602
Education,729603
Education,729395
Education,729393
Education,729401
Education,729394
Education,729402
Education,489825
Education,489826
Education,333011
Education,333061
Education,283233
Education,187081
Education,188081
Education,193081
Education,198081
Education,213021
Education,213024
Education,213027
Education,360050
Education,489805
Education,489806
Education,593052
Education,593062
Engineering and related Studies,160913
Engineering and related Studies,160301
Engineering and related Studies,334302
Engineering and related Studies,334362
Engineering and related Studies,592060
Engineering and related Studies,592070
Engineering and related Studies,592080
Engineering and related Studies,425950
Engineering and related Studies,590150
Engineering and related Studies,590160
Engineering and related Studies,482707
Engineering and related Studies,302580
Engineering and related Studies,160914
Engineering and related Studies,482600
Engineering and related Studies,482610
Engineering and related Studies,187490
Engineering and related Studies,197490
Engineering and related Studies,302581
Engineering and related Studies,482630
Engineering and related Studies,489791
Engineering and related Studies,489792
Engineering and related Studies,489793
Engineering and related Studies,482640
Engineering and related Studies,212257
Engineering and related Studies,283442
Engineering and related Studies,365016
Engineering and related Studies,135004
Engineering and related Studies,160341
Engineering and related Studies,722498
Engineering and related Studies,722501
Engineering and related Studies,722555
Engineering and related Studies,722561
Engineering and related Studies,722592
Engineering and related Studies,722579
Engineering and related Studies,450040
Engineering and related Studies,451040
Engineering and related Studies,425050
Engineering and related Studies,755609
Engineering and related Studies,425770
Engineering and related Studies,755610
Engineering and related Studies,425550
Engineering and related Studies,160344
Engineering and related Studies,160342
Engineering and related Studies,450050
Engineering and related Studies,722503
Engineering and related Studies,722556
Engineering and related Studies,722576
Engineering and related Studies,451050
Engineering and related Studies,425450
Engineering and related Studies,755611
Engineering and related Studies,425400
Engineering and related Studies,425402
Engineering and related Studies,482620
Engineering and related Studies,755621
Engineering and related Studies,425700
Engineering and related Studies,722504
Engineering and related Studies,722557
Engineering and related Studies,160343
Engineering and related Studies,755622
Engineering and related Studies,450060
Engineering and related Studies,722505
Engineering and related Studies,722558
Engineering and related Studies,722577
Engineering and related Studies,451060
Engineering and related Studies,425100
Engineering and related Studies,425150
Engineering and related Studies,425470
Engineering and related Studies,755612
Engineering and related Studies,425000
Engineering and related Studies,755624
Engineering and related Studies,722562
Engineering and related Studies,722593
Engineering and related Studies,722580
Engineering and related Studies,429600
Engineering and related Studies,429610
Engineering and related Studies,429620
Engineering and related Studies,429630
Engineering and related Studies,755613
Engineering and related Studies,450070
Engineering and related Studies,722507
Engineering and related Studies,722559
Engineering and related Studies,722578
Engineering and related Studies,451070
Engineering and related Studies,751625
Engineering and related Studies,755614
Engineering and related Studies,425020
Engineering and related Studies,755616
Engineering and related Studies,425300
Engineering and related Studies,755615
Engineering and related Studies,450300
Engineering and related Studies,451300
Engineering and related Studies,425650
Engineering and related Studies,425200
Engineering and related Studies,722509
Engineering and related Studies,722560
Engineering and related Studies,755601
Engineering and related Studies,425750
Engineering and related Studies,425500
Engineering and related Studies,722563
Engineering and related Studies,722594
Engineering and related Studies,722581
Engineering and related Studies,755623
Engineering and related Studies,603066
Engineering and related Studies,425850
Engineering and related Studies,135005
Engineering and related Studies,300585
Engineering and related Studies,300587
Engineering and related Studies,300582
Engineering and related Studies,300583
Engineering and related Studies,300586
Engineering and related Studies,160350
Engineering and related Studies,160345
Engineering and related Studies,751302
Engineering and related Studies,283439
Engineering and related Studies,722494
Engineering and related Studies,722495
Engineering and related Studies,722496
Engineering and related Studies,722497
Engineering and related Studies,751258
Engineering and related Studies,425900
Engineering and related Studies,283443
Engineering and related Studies,751609
Engineering and related Studies,283446
Engineering and related Studies,425401
Engineering and related Studies,283438
Engineering and related Studies,283444
Engineering and related Studies,283440
Engineering and related Studies,751610
Engineering and related Studies,283441
Engineering and related Studies,751624
Engineering and related Studies,751623
Engineering and related Studies,609350
Engineering and related Studies,609560
Engineering and related Studies,609032
Engineering and related Studies,609370
Engineering and related Studies,609360
Engineering and related Studies,603131
Engineering and related Studies,603130
Engineering and related Studies,603065
Engineering and related Studies,603016
Engineering and related Studies,603096
Engineering and related Studies,603095
Engineering and related Studies,603019
Engineering and related Studies,603018
Engineering and related Studies,603006
Engineering and related Studies,603005
Engineering and related Studies,603015
Engineering and related Studies,603061
Engineering and related Studies,603060
Engineering and related Studies,603036
Engineering and related Studies,603041
Engineering and related Studies,603040
Engineering and related Studies,603035
Engineering and related Studies,603046
Engineering and related Studies,603045
Engineering and related Studies,603106
Engineering and related Studies,603105
Engineering and related Studies,603056
Engineering and related Studies,603116
Engineering and related Studies,603115
Engineering and related Studies,603055
Engineering and related Studies,603121
Engineering and related Studies,603120
Engineering and related Studies,603071
Engineering and related Studies,603070
Engineering and related Studies,603086
Engineering and related Studies,603085
Engineering and related Studies,482720
Engineering and related Studies,135000
Engineering and related Studies,720136
Engineering and related Studies,513525
Engineering and related Studies,513530
Engineering and related Studies,513600
Engineering and related Studies,513605
Engineering and related Studies,513535
Engineering and related Studies,590200
Engineering and related Studies,513540
Engineering and related Studies,513585
Engineering and related Studies,513571
Engineering and related Studies,590210
Engineering and related Studies,513545
Engineering and related Studies,187495
Engineering and related Studies,197495
Engineering and related Studies,590220
Engineering and related Studies,513555
Engineering and related Studies,513560
Engineering and related Studies,513565
Engineering and related Studies,513570
Engineering and related Studies,513550
Engineering and related Studies,513575
Engineering and related Studies,513580
Engineering and related Studies,513590
Engineering and related Studies,513595
Engineering and related Studies,722510
Engineering and related Studies,722513
Engineering and related Studies,722550
Engineering and related Studies,590320
Engineering and related Studies,590140
Engineering and related Studies,590330
Engineering and related Studies,590340
Engineering and related Studies,334167
Engineering and related Studies,334127
Engineering and related Studies,334168
Engineering and related Studies,334117
Engineering and related Studies,160351
Engineering and related Studies,302584
Engineering and related Studies,482650
Engineering and related Studies,482670
Engineering and related Studies,482680
Engineering and related Studies,482690
Engineering and related Studies,482708
Engineering and related Studies,283447
Engineering and related Studies,482700
Engineering and related Studies,590120
Engineering and related Studies,603141
Engineering and related Studies,212267
Engineering and related Studies,603142
Engineering and related Studies,489920
Engineering and related Studies,729645
Engineering and related Studies,729449
Engineering and related Studies,591210
Engineering and related Studies,338011
Engineering and related Studies,591030
Engineering and related Studies,301008
Engineering and related Studies,640060
Engineering and related Studies,759630
Engineering and related Studies,759050
Engineering and related Studies,283448
Engineering and related Studies,551180
Engineering and related Studies,301038
Engineering and related Studies,135010
Engineering and related Studies,425960
Engineering and related Studies,301209
Engineering and related Studies,301227
Engineering and related Studies,759585
"Food, Hospitality and Personal Services",354300
"Food, Hospitality and Personal Services",354340
"Food, Hospitality and Personal Services",354360
"Food, Hospitality and Personal Services",283144
"Food, Hospitality and Personal Services",283818
"Food, Hospitality and Personal Services",553320
"Food, Hospitality and Personal Services",334108
"Food, Hospitality and Personal Services",334141
"Food, Hospitality and Personal Services",334164
"Food, Hospitality and Personal Services",CRS1201422
"Food, Hospitality and Personal Services",553050
"Food, Hospitality and Personal Services",530041
"Food, Hospitality and Personal Services",160051
"Food, Hospitality and Personal Services",283126
"Food, Hospitality and Personal Services",283809
"Food, Hospitality and Personal Services",283810
"Food, Hospitality and Personal Services",757112
"Food, Hospitality and Personal Services",484400
"Food, Hospitality and Personal Services",484410
"Food, Hospitality and Personal Services",553160
"Food, Hospitality and Personal Services",530531
"Food, Hospitality and Personal Services",354001
"Food, Hospitality and Personal Services",354040
"Food, Hospitality and Personal Services",354060
Health,160591
Health,160601
Health,592090
Health,170080
Health,590180
Health,160481
Health,428600
Health,513620
Health,513625
Health,513630
Health,513635
Health,513640
Health,513645
Health,513626
Health,753200
Health,751228
Health,302560
Health,428000
Health,513715
Health,300562
Health,392610
Health,392611
Health,335114
Health,335170
Health,300676
Health,330167
Health,335115
Health,300435
Health,302436
Health,302438
Health,302000
Health,550170
Health,170130
Health,170140
Health,214738
Health,160610
Health,170120
Health,590590
Health,482800
Health,213267
Health,214860
Health,105535
Health,590730
Health,160461
Health,105504
Health,105529
Health,300436
Health,392609
Health,392615
Health,105530
Health,428100
Health,365113
Health,283305
Health,757642
Health,187412
Health,757643
Health,283334
Health,105516
Health,283335
Health,428500
Health,214368
Health,170010
Health,723521
Health,751286
Health,170150
Health,283301
Health,365266
Health,138302
Health,590350
Health,606050
Health,606060
Health,ECNH03
Health,552181
Health,170040
Health,170020
Health,170030
Health,723514
Health,723500
Health,729212
Health,365268
Health,365269
Health,ECNH01
Health,552052
Health,365267
Health,ECNH05
Health,723506
Health,552060
Health,609155
Health,187405
Health,197405
Health,590360
Health,105505
Health,105528
Health,365063
Health,428200
Health,757630
Health,757616
Health,757603
Health,757611
Health,757617
Health,283322
Health,214064
Health,214110
Health,214114
Health,483355
Health,483365
Health,483375
Health,365273
Health,214120
Health,214124
Health,214134
Health,368083
Health,429700
Health,138403
Health,728145
Health,728147
Health,728011
Health,607052
Health,607051
Health,160491
Health,785000
Health,300560
Health,302437
Health,160010
Health,105527
Health,365084
Health,726570
Health,335153
Health,335167
Health,606010
Health,489811
Health,483400
Health,489828
Health,609570
Health,105501
Health,105502
Health,105526
Health,283308
Health,552200
Health,365101
Health,590113
Health,162511
Health,396664
Health,396665
Health,726550
Health,726555
Health,726560
Health,726568
Health,214650
Health,214651
Health,214654
Health,214655
Health,214657
Health,335101
Health,335151
Health,335164
Health,606000
Health,606001
Health,757101
Health,757102
Health,757103
Health,757104
Health,757105
Health,757106
Health,650170
Health,365103
Health,606004
Health,283345
Health,513735
Health,483610
Health,483605
Health,483615
Health,726540
Health,726542
Health,726544
Health,726546
Health,757111
Health,757113
Health,757114
Health,757115
Health,757116
Health,105518
Health,105519
Health,105533
Health,483600
Health,483620
Health,185028
Health,189928
Health,609568
Health,609150
Health,105509
Health,187481
Health,105510
Health,552100
Health,283321
Health,483650
Health,757647
Health,107016
Health,107018
Health,757645
Health,105707
Health,428300
Health,160471
Health,105513
Health,365107
Health,723555
Health,214300
Health,214301
Health,335150
Health,335168
Health,483700
Health,187408
Health,513700
Health,214384
Health,483750
Health,183043
Health,187483
Health,723557
Health,214200
Health,214207
Health,428400
Health,283331
Health,283327
Health,365116
Health,214808
Health,483800
Health,513761
Health,513766
Health,392612
Health,392613
Health,170160
Health,105506
Health,365106
Health,723560
Health,214400
Health,214401
Health,214408
Health,483850
Health,187407
Health,723565
Health,214451
Health,483900
Health,757500
Health,391678
Health,391679
Health,211807
Health,211810
Health,283314
Health,429850
Health,138130
Health,727501
Health,727502
Health,727506
Health,187065
Health,753230
Health,391680
Health,391681
Health,483860
Health,283315
Health,757650
Health,160571
Health,751317
Health,513915
Health,513750
Health,302435
Health,365166
Health,513705
Health,513720
Health,513745
Health,513965
Health,751318
Health,300428
Health,302419
Health,105514
Health,723566
Health,330138
Health,330168
Health,484150
Health,187406
Health,755100
Health,606030
Health,365191
Health,335100
Health,335154
Health,338160
Health,606020
Health,606021
Health,609580
Health,609080
Health,283329
Health,723567
Health,170090
Health,170100
Health,170110
Health,723570
Health,214964
Health,513970
Health,214954
Health,429750
Health,109955
Health,109946
Health,729651
Health,729660
Health,729453
Health,729454
Health,489980
Health,489981
Health,109950
Health,109951
Health,591150
Health,591160
Health,591070
Health,360045
Health,335076
Health,335066
Health,335013
Health,335064
Health,335015
Health,335055
Health,335079
Health,335052
Health,335073
Health,335016
Health,335077
Health,335054
Health,335078
Health,335074
Health,335014
Health,335053
Health,335075
Health,552130
Health,590710
Health,590713
Health,ECNH20
Health,552053
Health,591050
Health,759055
Health,552110
Health,187494
Health,189911
Health,198002
Health,552230
Health,725505
Health,593030
Health,214087
Health,489802
Health,489803
Health,214090
Health,214091
Health,214098
Health,489808
Health,489809
Health,593070
Health,593040
Information Technology,10702NAT-AC
Information Technology,10702NAT-AO
Information Technology,10702NAT-AS
Information Technology,10702NAT-DC
Information Technology,10702NAT-DO
Information Technology,10702NAT-DS
Information Technology,10702NAT-PC
Information Technology,10702NAT-PO
Information Technology,10702NAT-PS
Information Technology,CUA60620-VC
Information Technology,CUA60620-VO
Information Technology,CUA60620-VS
Information Technology,CUA60620-FC
Information Technology,CUA60620-FS
Information Technology,630200
Information Technology,160160
Information Technology,160161
Information Technology,592030
Information Technology,592050
Information Technology,283465
Information Technology,283820
Information Technology,513500
Information Technology,135705
Information Technology,135700
Information Technology,513505
Information Technology,513510
Information Technology,513515
Information Technology,513520
Information Technology,607064
Information Technology,603236
Information Technology,609232
Information Technology,754500
Information Technology,754505
Information Technology,283461
Information Technology,283815
Information Technology,590260
Information Technology,392620
Information Technology,392624
Information Technology,723999
Information Technology,724000
Information Technology,482400
Information Technology,754100
Information Technology,754120
Information Technology,720141
Information Technology,720142
Information Technology,754130
Information Technology,754110
Information Technology,212717
Information Technology,590130
Information Technology,450030
Information Technology,603230
Information Technology,603231
Information Technology,751504
Information Technology,609167
Information Technology,300568
Information Technology,727052
Information Technology,603235
Information Technology,609231
Information Technology,570125
Information Technology,723980
Information Technology,756522
Information Technology,513105
Information Technology,513106
Information Technology,513111
Information Technology,513110
Information Technology,590281
Information Technology,722470
Information Technology,722472
Information Technology,300542
Information Technology,543010
Information Technology,543015
Information Technology,543025
Information Technology,543030
Information Technology,543035
Information Technology,603225
Information Technology,630100
Information Technology,630105
Information Technology,630110
Information Technology,630115
Information Technology,181033
Information Technology,724012
Information Technology,724016
Information Technology,724020
Information Technology,724022
Information Technology,720144
Information Technology,720146
Information Technology,720148
Information Technology,724025
Information Technology,724026
Information Technology,724027
Information Technology,724100
Information Technology,724105
Information Technology,724110
Information Technology,724115
Information Technology,724120
Information Technology,724130
Information Technology,424500
Information Technology,724008
Information Technology,724009
Information Technology,603215
Information Technology,424640
Information Technology,720150
Information Technology,720151
Information Technology,720152
Information Technology,603221
Information Technology,724138
Information Technology,724139
Information Technology,103708
Information Technology,W10030
Information Technology,283428
Information Technology,283816
Information Technology,550108
Information Technology,366043
Information Technology,136063
Information Technology,590370
Information Technology,160060
Information Technology,160061
Information Technology,300540
Information Technology,483000
Information Technology,187410
Information Technology,196110
Information Technology,197410
Information Technology,332130
Information Technology,332161
Information Technology,603201
Information Technology,754300
Information Technology,754305
Information Technology,103725
Information Technology,603200
Information Technology,160170
Information Technology,160171
Information Technology,603210
Information Technology,754310
Information Technology,212730
Information Technology,212737
Information Technology,302583
Information Technology,603220
Information Technology,609565
Information Technology,609230
Information Technology,283626
Information Technology,483050
Information Technology,103712
Information Technology,283463
Information Technology,302569
Information Technology,570130
Information Technology,425810
Information Technology,425801
Information Technology,283620
Information Technology,366103
Information Technology,551371
Information Technology,551370
Information Technology,366123
Information Technology,754550
Information Technology,729458
Information Technology,729460
Information Technology,729665
Information Technology,729666
Information Technology,109960
Information Technology,109961
Information Technology,489832
Information Technology,550180
Information Technology,591141
Information Technology,301040
Information Technology,160062
Information Technology,160063
Information Technology,550109
Information Technology,360010
Information Technology,301006
Information Technology,640050
Information Technology,759600
Information Technology,759605
Information Technology,332065
Information Technology,759010
Information Technology,759015
Information Technology,283474
Information Technology,283822
Information Technology,591080
Information Technology,593010
Information Technology,425970
Information Technology,212030
Information Technology,212037
Information Technology,301205
Information Technology,301207
Information Technology,759575
Information Technology,759580
Management and Commerce,CRS1400275
Management and Commerce,361209
Management and Commerce,133503
Management and Commerce,590701
Management and Commerce,160020
Management and Commerce,160021
Management and Commerce,395664
Management and Commerce,395665
Management and Commerce,721070
Management and Commerce,721072
Management and Commerce,721074
Management and Commerce,721077
Management and Commerce,212010
Management and Commerce,212011
Management and Commerce,212014
Management and Commerce,212017
Management and Commerce,181032
Management and Commerce,196105
Management and Commerce,601010
Management and Commerce,650240
Management and Commerce,103710
Management and Commerce,160360
Management and Commerce,160361
Management and Commerce,590721
Management and Commerce,424300
Management and Commerce,134403
Management and Commerce,300239
Management and Commerce,424620
Management and Commerce,300238
Management and Commerce,283143
Management and Commerce,283808
Management and Commerce,395700
Management and Commerce,395701
Management and Commerce,395668
Management and Commerce,395669
Management and Commerce,215024
Management and Commerce,393678
Management and Commerce,393679
Management and Commerce,135801
Management and Commerce,300202
Management and Commerce,302239
Management and Commerce,302203
Management and Commerce,283805
Management and Commerce,302208
Management and Commerce,302251
Management and Commerce,103303
Management and Commerce,361533
Management and Commerce,429520
Management and Commerce,W10020
Management and Commerce,283142
Management and Commerce,283807
Management and Commerce,530016
Management and Commerce,530017
Management and Commerce,550010
Management and Commerce,450010
Management and Commerce,590481
Management and Commerce,160730
Management and Commerce,160731
Management and Commerce,395676
Management and Commerce,395677
Management and Commerce,721005
Management and Commerce,721006
Management and Commerce,721007
Management and Commerce,721008
Management and Commerce,482200
Management and Commerce,482210
Management and Commerce,181031
Management and Commerce,187426
Management and Commerce,196000
Management and Commerce,570110
Management and Commerce,601030
Management and Commerce,601035
Management and Commerce,751237
Management and Commerce,751238
Management and Commerce,751239
Management and Commerce,751240
Management and Commerce,751241
Management and Commerce,751242
Management and Commerce,751243
Management and Commerce,530004
Management and Commerce,590541
Management and Commerce,361211
Management and Commerce,590511
Management and Commerce,530018
Management and Commerce,550160
Management and Commerce,550020
Management and Commerce,530019
Management and Commerce,553020
Management and Commerce,590591
Management and Commerce,361212
Management and Commerce,590561
Management and Commerce,361218
Management and Commerce,590531
Management and Commerce,590501
Management and Commerce,530061
Management and Commerce,361214
Management and Commerce,530022
Management and Commerce,550030
Management and Commerce,361216
Management and Commerce,590571
Management and Commerce,729200
Management and Commerce,361535
Management and Commerce,530121
Management and Commerce,550050
Management and Commerce,590521
Management and Commerce,590491
Management and Commerce,590551
Management and Commerce,553040
Management and Commerce,212211
Management and Commerce,212214
Management and Commerce,212217
Management and Commerce,590581
Management and Commerce,751275
Management and Commerce,751276
Management and Commerce,751277
Management and Commerce,103706
Management and Commerce,103716
Management and Commerce,133403
Management and Commerce,300203
Management and Commerce,751261
Management and Commerce,751262
Management and Commerce,751263
Management and Commerce,751264
Management and Commerce,751265
Management and Commerce,751266
Management and Commerce,751267
Management and Commerce,650030
Management and Commerce,302210
Management and Commerce,302416
Management and Commerce,302413
Management and Commerce,103707
Management and Commerce,751259
Management and Commerce,751260
Management and Commerce,300211
Management and Commerce,484871
Management and Commerce,302201
Management and Commerce,302233
Management and Commerce,332166
Management and Commerce,332167
Management and Commerce,332168
Management and Commerce,609530
Management and Commerce,609130
Management and Commerce,609800
Management and Commerce,366003
Management and Commerce,553011
Management and Commerce,212700
Management and Commerce,212701
Management and Commerce,212704
Management and Commerce,212707
Management and Commerce,551210
Management and Commerce,361544
Management and Commerce,551200
Management and Commerce,484872
Management and Commerce,361515
Management and Commerce,482250
Management and Commerce,482260
Management and Commerce,361542
Management and Commerce,551220
Management and Commerce,361543
Management and Commerce,395755
Management and Commerce,395756
Management and Commerce,551240
Management and Commerce,283131
Management and Commerce,283812
Management and Commerce,361534
Management and Commerce,483060
Management and Commerce,551250
Management and Commerce,551260
Management and Commerce,361545
Management and Commerce,551211
Management and Commerce,751319
Management and Commerce,751322
Management and Commerce,103701
Management and Commerce,103711
Management and Commerce,103722
Management and Commerce,550060
Management and Commerce,424000
Management and Commerce,133003
Management and Commerce,300221
Management and Commerce,513300
Management and Commerce,482300
Management and Commerce,482310
Management and Commerce,197445
Management and Commerce,650040
Management and Commerce,361231
Management and Commerce,103726
Management and Commerce,361227
Management and Commerce,361228
Management and Commerce,424600
Management and Commerce,424601
Management and Commerce,103729
Management and Commerce,361229
Management and Commerce,361230
Management and Commerce,103727
Management and Commerce,424050
Management and Commerce,103728
Management and Commerce,302253
Management and Commerce,302417
Management and Commerce,302412
Management and Commerce,302150
Management and Commerce,513305
Management and Commerce,513310
Management and Commerce,650050
Management and Commerce,103709
Management and Commerce,103717
Management and Commerce,484873
Management and Commerce,650060
Management and Commerce,103703
Management and Commerce,361327
Management and Commerce,483070
Management and Commerce,424200
Management and Commerce,722538
Management and Commerce,722539
Management and Commerce,424400
Management and Commerce,134003
Management and Commerce,300215
Management and Commerce,395666
Management and Commerce,395667
Management and Commerce,513225
Management and Commerce,601090
Management and Commerce,302202
Management and Commerce,302232
Management and Commerce,753670
Management and Commerce,753671
Management and Commerce,753672
Management and Commerce,753673
Management and Commerce,753674
Management and Commerce,753675
Management and Commerce,751323
Management and Commerce,609804
Management and Commerce,513230
Management and Commerce,424480
Management and Commerce,396751
Management and Commerce,JMC040
Management and Commerce,361480
Management and Commerce,530021
Management and Commerce,133203
Management and Commerce,134300
Management and Commerce,609802
Management and Commerce,650260
Management and Commerce,302241
Management and Commerce,133303
Management and Commerce,283134
Management and Commerce,650270
Management and Commerce,650280
Management and Commerce,302226
Management and Commerce,601065
Management and Commerce,601068
Management and Commerce,609532
Management and Commerce,601070
Management and Commerce,609533
Management and Commerce,609090
Management and Commerce,609801
Management and Commerce,300226
Management and Commerce,650290
Management and Commerce,650300
Management and Commerce,650310
Management and Commerce,756503
Management and Commerce,756520
Management and Commerce,751701
Management and Commerce,422302
Management and Commerce,757631
Management and Commerce,361498
Management and Commerce,300223
Management and Commerce,302223
Management and Commerce,302222
Management and Commerce,160101
Management and Commerce,530080
Management and Commerce,602033
Management and Commerce,609200
Management and Commerce,283346
Management and Commerce,CRS1400274
Management and Commerce,CRS1400277
Management and Commerce,302557
Management and Commerce,283625
Management and Commerce,302231
Management and Commerce,134454
Management and Commerce,609085
Management and Commerce,283360
Management and Commerce,727748
Management and Commerce,727750
Management and Commerce,109940
Management and Commerce,109941
Management and Commerce,489819
Management and Commerce,489820
Management and Commerce,729500
Management and Commerce,729507
Management and Commerce,729618
Management and Commerce,729620
Management and Commerce,729416
Management and Commerce,729417
Management and Commerce,530501
Management and Commerce,530502
Management and Commerce,550103
Management and Commerce,360015
Management and Commerce,301036
Management and Commerce,759590
Management and Commerce,759595
Management and Commerce,530504
Management and Commerce,332062
Management and Commerce,530503
Management and Commerce,530519
Management and Commerce,332063
Management and Commerce,530551
Management and Commerce,530592
Management and Commerce,530541
Management and Commerce,553150
Management and Commerce,332064
Management and Commerce,640020
Management and Commerce,759030
Management and Commerce,759035
Management and Commerce,550104
Management and Commerce,160152
Management and Commerce,160153
Management and Commerce,283146
Management and Commerce,283823
Management and Commerce,301004
Management and Commerce,JMC045
Management and Commerce,530511
Management and Commerce,550150
Management and Commerce,550120
Management and Commerce,530520
Management and Commerce,530580
Management and Commerce,530581
Management and Commerce,424350
Management and Commerce,424100
Management and Commerce,424450
Management and Commerce,212190
Management and Commerce,212191
Management and Commerce,212194
Management and Commerce,212197
Management and Commerce,593011
Management and Commerce,301211
Management and Commerce,301217
Management and Commerce,301213
Management and Commerce,301203
Management and Commerce,301225
Management and Commerce,301219
Mixed Field Programs,283140
Mixed Field Programs,283227
Mixed Field Programs,720711
Mixed Field Programs,482570
Mixed Field Programs,283139
Mixed Field Programs,283813
Mixed Field Programs,160124
Mixed Field Programs,160125
Mixed Field Programs,160123
Mixed Field Programs,160122
Mixed Field Programs,489796
Mixed Field Programs,489797
Mixed Field Programs,489798
Mixed Field Programs,489812
Mixed Field Programs,303101
Mixed Field Programs,729403
Mixed Field Programs,630290
Mixed Field Programs,214010
Mixed Field Programs,214011
Mixed Field Programs,214014
Mixed Field Programs,214017
Mixed Field Programs,109981
Mixed Field Programs,301020
Mixed Field Programs,481401
Mixed Field Programs,481402
Mixed Field Programs,481403
Mixed Field Programs,301021
Mixed Field Programs,430200
Mixed Field Programs,430100
Mixed Field Programs,430110
Mixed Field Programs,430120
Mixed Field Programs,430130
Natural and Physical Sciences,720233
Natural and Physical Sciences,720235
Natural and Physical Sciences,720252
Natural and Physical Sciences,720253
Natural and Physical Sciences,720254
Natural and Physical Sciences,283402
Natural and Physical Sciences,429350
Natural and Physical Sciences,429370
Natural and Physical Sciences,429360
Natural and Physical Sciences,429395
Natural and Physical Sciences,429361
Natural and Physical Sciences,429390
Natural and Physical Sciences,429396
Natural and Physical Sciences,429380
Natural and Physical Sciences,607061
Natural and Physical Sciences,607063
Natural and Physical Sciences,609590
Natural and Physical Sciences,187049
Natural and Physical Sciences,392684
Natural and Physical Sciences,392696
Natural and Physical Sciences,215034
Natural and Physical Sciences,725012
Natural and Physical Sciences,725014
Natural and Physical Sciences,302555
Natural and Physical Sciences,429500
Natural and Physical Sciences,300573
Natural and Physical Sciences,187047
Natural and Physical Sciences,107008
Natural and Physical Sciences,283302
Natural and Physical Sciences,590580
Natural and Physical Sciences,392686
Natural and Physical Sciences,392692
Natural and Physical Sciences,482100
Natural and Physical Sciences,187028
Natural and Physical Sciences,187428
Natural and Physical Sciences,335165
Natural and Physical Sciences,187029
Natural and Physical Sciences,187429
Natural and Physical Sciences,107011
Natural and Physical Sciences,757604
Natural and Physical Sciences,757605
Natural and Physical Sciences,138503
Natural and Physical Sciences,482150
Natural and Physical Sciences,429400
Natural and Physical Sciences,484875
Natural and Physical Sciences,484026
Natural and Physical Sciences,484036
Natural and Physical Sciences,540510
Natural and Physical Sciences,429150
Natural and Physical Sciences,607033
Natural and Physical Sciences,283384
Natural and Physical Sciences,215204
Natural and Physical Sciences,335106
Natural and Physical Sciences,335112
Natural and Physical Sciences,335155
Natural and Physical Sciences,425600
Natural and Physical Sciences,482900
Natural and Physical Sciences,482910
Natural and Physical Sciences,607020
Natural and Physical Sciences,609587
Natural and Physical Sciences,609252
Natural and Physical Sciences,138600
Natural and Physical Sciences,755250
Natural and Physical Sciences,392606
Natural and Physical Sciences,392618
Natural and Physical Sciences,609613
Natural and Physical Sciences,609571
Natural and Physical Sciences,609612
Natural and Physical Sciences,609611
Natural and Physical Sciences,429050
Natural and Physical Sciences,607035
Natural and Physical Sciences,283404
Natural and Physical Sciences,138200
Natural and Physical Sciences,607081
Natural and Physical Sciences,609601
Natural and Physical Sciences,724150
Natural and Physical Sciences,724152
Natural and Physical Sciences,724154
Natural and Physical Sciences,483200
Natural and Physical Sciences,756511
Natural and Physical Sciences,483205
Natural and Physical Sciences,756512
Natural and Physical Sciences,483310
Natural and Physical Sciences,302556
Natural and Physical Sciences,590400
Natural and Physical Sciences,160915
Natural and Physical Sciences,590740
Natural and Physical Sciences,728012
Natural and Physical Sciences,609175
Natural and Physical Sciences,609255
Natural and Physical Sciences,429720
Natural and Physical Sciences,757613
Natural and Physical Sciences,757619
Natural and Physical Sciences,607045
Natural and Physical Sciences,609176
Natural and Physical Sciences,753240
Natural and Physical Sciences,751312
Natural and Physical Sciences,187484
Natural and Physical Sciences,138000
Natural and Physical Sciences,540200
Natural and Physical Sciences,540201
Natural and Physical Sciences,103313
Natural and Physical Sciences,283313
Natural and Physical Sciences,429800
Natural and Physical Sciences,590560
Natural and Physical Sciences,160531
Natural and Physical Sciences,483970
Natural and Physical Sciences,483980
Natural and Physical Sciences,187055
Natural and Physical Sciences,335062
Natural and Physical Sciences,335152
Natural and Physical Sciences,753220
Natural and Physical Sciences,483975
Natural and Physical Sciences,483985
Natural and Physical Sciences,540220
Natural and Physical Sciences,540221
Natural and Physical Sciences,540210
Natural and Physical Sciences,103718
Natural and Physical Sciences,103719
Natural and Physical Sciences,103720
Natural and Physical Sciences,103714
Natural and Physical Sciences,751755
Natural and Physical Sciences,489794
Natural and Physical Sciences,489795
Natural and Physical Sciences,513905
Natural and Physical Sciences,103721
Natural and Physical Sciences,513906
Natural and Physical Sciences,590420
Natural and Physical Sciences,283400
Natural and Physical Sciences,429000
Natural and Physical Sciences,450020
Natural and Physical Sciences,138003
Natural and Physical Sciences,590570
Natural and Physical Sciences,160411
Natural and Physical Sciences,300555
Natural and Physical Sciences,392603
Natural and Physical Sciences,392621
Natural and Physical Sciences,513910
Natural and Physical Sciences,728167
Natural and Physical Sciences,728168
Natural and Physical Sciences,728169
Natural and Physical Sciences,484020
Natural and Physical Sciences,484030
Natural and Physical Sciences,334107
Natural and Physical Sciences,757621
Natural and Physical Sciences,187488
Natural and Physical Sciences,429300
Natural and Physical Sciences,429320
Natural and Physical Sciences,429330
Natural and Physical Sciences,429331
Natural and Physical Sciences,484025
Natural and Physical Sciences,484035
Natural and Physical Sciences,138004
Natural and Physical Sciences,757660
Natural and Physical Sciences,368093
Natural and Physical Sciences,757661
Natural and Physical Sciences,607015
Natural and Physical Sciences,607005
Natural and Physical Sciences,425800
Natural and Physical Sciences,160192
Natural and Physical Sciences,334123
Natural and Physical Sciences,728175
Natural and Physical Sciences,607011
Natural and Physical Sciences,513912
Natural and Physical Sciences,607001
Natural and Physical Sciences,728178
Natural and Physical Sciences,334121
Natural and Physical Sciences,513916
Natural and Physical Sciences,757601
Natural and Physical Sciences,757710
Natural and Physical Sciences,429420
Natural and Physical Sciences,334157
Natural and Physical Sciences,607003
Natural and Physical Sciences,513925
Natural and Physical Sciences,607007
Natural and Physical Sciences,757633
Natural and Physical Sciences,757662
Natural and Physical Sciences,607009
Natural and Physical Sciences,757637
Natural and Physical Sciences,751803
Natural and Physical Sciences,751805
Natural and Physical Sciences,138123
Natural and Physical Sciences,160191
Natural and Physical Sciences,334122
Natural and Physical Sciences,729058
Natural and Physical Sciences,729059
Natural and Physical Sciences,729060
Natural and Physical Sciences,757608
Natural and Physical Sciences,757609
Natural and Physical Sciences,757602
Natural and Physical Sciences,302242
Natural and Physical Sciences,302582
Natural and Physical Sciences,302558
Natural and Physical Sciences,429100
Natural and Physical Sciences,609170
Natural and Physical Sciences,609585
Natural and Physical Sciences,609250
Natural and Physical Sciences,609803
Natural and Physical Sciences,365123
Natural and Physical Sciences,513930
Natural and Physical Sciences,513935
Natural and Physical Sciences,513945
Natural and Physical Sciences,513911
Natural and Physical Sciences,513950
Natural and Physical Sciences,513920
Natural and Physical Sciences,513960
Natural and Physical Sciences,513961
Natural and Physical Sciences,283623
Natural and Physical Sciences,429200
Natural and Physical Sciences,728100
Natural and Physical Sciences,751801
Natural and Physical Sciences,728110
Natural and Physical Sciences,728111
Natural and Physical Sciences,751257
Natural and Physical Sciences,283622
Natural and Physical Sciences,422110
Natural and Physical Sciences,429230
Natural and Physical Sciences,429240
Natural and Physical Sciences,484040
Natural and Physical Sciences,728115
Natural and Physical Sciences,429220
Natural and Physical Sciences,513962
Natural and Physical Sciences,392607
Natural and Physical Sciences,392617
Natural and Physical Sciences,134200
Natural and Physical Sciences,450080
Natural and Physical Sciences,368073
Natural and Physical Sciences,429740
Natural and Physical Sciences,198001
Natural and Physical Sciences,392685
Natural and Physical Sciences,392695
Natural and Physical Sciences,489822
Natural and Physical Sciences,489823
Natural and Physical Sciences,729682
Natural and Physical Sciences,729681
Natural and Physical Sciences,729468
Natural and Physical Sciences,283385
Natural and Physical Sciences,283386
Natural and Physical Sciences,759620
Natural and Physical Sciences,360030
Natural and Physical Sciences,591190
Natural and Physical Sciences,759615
Natural and Physical Sciences,334001
Natural and Physical Sciences,334005
Natural and Physical Sciences,334002
Natural and Physical Sciences,334003
Natural and Physical Sciences,334004
Natural and Physical Sciences,759040
Natural and Physical Sciences,729469
Natural and Physical Sciences,540601
Natural and Physical Sciences,540600
Natural and Physical Sciences,212160
Natural and Physical Sciences,212167
Natural and Physical Sciences,593020
Natural and Physical Sciences,593110
Society and Culture,336361
Society and Culture,592041
Society and Culture,725048
Society and Culture,725050
Society and Culture,283145
Society and Culture,283819
Society and Culture,650250
Society and Culture,392761
Society and Culture,392762
Society and Culture,300103
Society and Culture,300104
Society and Culture,302166
Society and Culture,552210
Society and Culture,552220
Society and Culture,131163
Society and Culture,300128
Society and Culture,197450
Society and Culture,131100
Society and Culture,103302
Society and Culture,103314
Society and Culture,283229
Society and Culture,422000
Society and Culture,450001
Society and Culture,131003
Society and Culture,160131
Society and Culture,300101
Society and Culture,300102
Society and Culture,391601
Society and Culture,391602
Society and Culture,513200
Society and Culture,720510
Society and Culture,720515
Society and Culture,720518
Society and Culture,482010
Society and Culture,482040
Society and Culture,333100
Society and Culture,333161
Society and Culture,753101
Society and Culture,753102
Society and Culture,753106
Society and Culture,753107
Society and Culture,753108
Society and Culture,650010
Society and Culture,183011
Society and Culture,362005
Society and Culture,720100
Society and Culture,720102
Society and Culture,720104
Society and Culture,513201
Society and Culture,362008
Society and Culture,720521
Society and Culture,720106
Society and Culture,650020
Society and Culture,751200
Society and Culture,590610
Society and Culture,103315
Society and Culture,103316
Society and Culture,103319
Society and Culture,211004
Society and Culture,211007
Society and Culture,302568
Society and Culture,302102
Society and Culture,302160
Society and Culture,302432
Society and Culture,422050
Society and Culture,513205
Society and Culture,513222
Society and Culture,513210
Society and Culture,513211
Society and Culture,513220
Society and Culture,283231
Society and Culture,391753
Society and Culture,391754
Society and Culture,720600
Society and Culture,720605
Society and Culture,751229
Society and Culture,751306
Society and Culture,422100
Society and Culture,103311
Society and Culture,482030
Society and Culture,751310
Society and Culture,107001
Society and Culture,362144
Society and Culture,391655
Society and Culture,391658
Society and Culture,513805
Society and Culture,725011
Society and Culture,725013
Society and Culture,336168
Society and Culture,751201
Society and Culture,392759
Society and Culture,392760
Society and Culture,482070
Society and Culture,362184
Society and Culture,720610
Society and Culture,720612
Society and Culture,720614
Society and Culture,513275
Society and Culture,513740
Society and Culture,751328
Society and Culture,103318
Society and Culture,132006
Society and Culture,132005
Society and Culture,107010
Society and Culture,302169
Society and Culture,107004
Society and Culture,609010
Society and Culture,361325
Society and Culture,395679
Society and Culture,395680
Society and Culture,725015
Society and Culture,725016
Society and Culture,751251
Society and Culture,751252
Society and Culture,283351
Society and Culture,302439
Society and Culture,302165
Society and Culture,103723
Society and Culture,107002
Society and Culture,361324
Society and Culture,513810
Society and Culture,609008
Society and Culture,609001
Society and Culture,609002
Society and Culture,600024
Society and Culture,609527
Society and Culture,609331
Society and Culture,609009
Society and Culture,609345
Society and Culture,609003
Society and Culture,609005
Society and Culture,609006
Society and Culture,361326
Society and Culture,751210
Society and Culture,725019
Society and Culture,725020
Society and Culture,650070
Society and Culture,650080
Society and Culture,331162
Society and Culture,392670
Society and Culture,392671
Society and Culture,751203
Society and Culture,751222
Society and Culture,751402
Society and Culture,725022
Society and Culture,725024
Society and Culture,540500
Society and Culture,540501
Society and Culture,283341
Society and Culture,751204
Society and Culture,727040
Society and Culture,727045
Society and Culture,725029
Society and Culture,725031
Society and Culture,727047
Society and Culture,211890
Society and Culture,211897
Society and Culture,131150
Society and Culture,160082
Society and Culture,391660
Society and Culture,391661
Society and Culture,727030
Society and Culture,727033
Society and Culture,484895
Society and Culture,187424
Society and Culture,600070
Society and Culture,600071
Society and Culture,600072
Society and Culture,107019
Society and Culture,283223
Society and Culture,283817
Society and Culture,422350
Society and Culture,107020
Society and Culture,107023
Society and Culture,107024
Society and Culture,283520
Society and Culture,283821
Society and Culture,107021
Society and Culture,107022
Society and Culture,609166
Society and Culture,609165
Society and Culture,391662
Society and Culture,391663
Society and Culture,725034
Society and Culture,725036
Society and Culture,484890
Society and Culture,302174
Society and Culture,131143
Society and Culture,482550
Society and Culture,482555
Society and Culture,484874
Society and Culture,482560
Society and Culture,650320
Society and Culture,751216
Society and Culture,609015
Society and Culture,424460
Society and Culture,424470
Society and Culture,395655
Society and Culture,395656
Society and Culture,513815
Society and Culture,302441
Society and Culture,751208
Society and Culture,513820
Society and Culture,609050
Society and Culture,302177
Society and Culture,392763
Society and Culture,392764
Society and Culture,609068
Society and Culture,751292
Society and Culture,482001
Society and Culture,482002
Society and Culture,197460
Society and Culture,283125
Society and Culture,283811
Society and Culture,391610
Society and Culture,391611
Society and Culture,650090
Society and Culture,107027
Society and Culture,107028
Society and Culture,107025
Society and Culture,107026
Society and Culture,107012
Society and Culture,105512
Society and Culture,283326
Society and Culture,283801
Society and Culture,283340
Society and Culture,283804
Society and Culture,590460
Society and Culture,727608
Society and Culture,727626
Society and Culture,337118
Society and Culture,725041
Society and Culture,725043
Society and Culture,720155
Society and Culture,720156
Society and Culture,725046
Society and Culture,725047
Society and Culture,302178
Society and Culture,609020
Society and Culture,751213
Society and Culture,751223
Society and Culture,131153
Society and Culture,132105
Society and Culture,422200
Society and Culture,300113
Society and Culture,724505
Society and Culture,724510
Society and Culture,753121
Society and Culture,753123
Society and Culture,720160
Society and Culture,720162
Society and Culture,302161
Society and Culture,724518
Society and Culture,724520
Society and Culture,751232
Society and Culture,751233
Society and Culture,751313
Society and Culture,725044
Society and Culture,725045
Society and Culture,751212
Society and Culture,751224
Society and Culture,422210
Society and Culture,422220
Society and Culture,422230
Society and Culture,724522
Society and Culture,724523
Society and Culture,751295
Society and Culture,751211
Society and Culture,751279
Society and Culture,367035
Society and Culture,131193
Society and Culture,391676
Society and Culture,391677
Society and Culture,283224
Society and Culture,720527
Society and Culture,720529
Society and Culture,197470
Society and Culture,107000
Society and Culture,107017
Society and Culture,367004
Society and Culture,590381
Society and Culture,160081
Society and Culture,300160
Society and Culture,336167
Society and Culture,604000
Society and Culture,604001
Society and Culture,650100
Society and Culture,395469
Society and Culture,395470
Society and Culture,395468
Society and Culture,395698
Society and Culture,395699
Society and Culture,756100
Society and Culture,756110
Society and Culture,751327
Society and Culture,107007
Society and Culture,725000
Society and Culture,725001
Society and Culture,756101
Society and Culture,756111
Society and Culture,756120
Society and Culture,283509
Society and Culture,137004
Society and Culture,187414
Society and Culture,197414
Society and Culture,483100
Society and Culture,483110
Society and Culture,283510
Society and Culture,187413
Society and Culture,283512
Society and Culture,187421
Society and Culture,283511
Society and Culture,283517
Society and Culture,283514
Society and Culture,283516
Society and Culture,187417
Society and Culture,187418
Society and Culture,725005
Society and Culture,725007
Society and Culture,302176
Society and Culture,302171
Society and Culture,609575
Society and Culture,609070
Society and Culture,160111
Society and Culture,160121
Society and Culture,650110
Society and Culture,650120
Society and Culture,336166
Society and Culture,650130
Society and Culture,650140
Society and Culture,211910
Society and Culture,211917
Society and Culture,160083
Society and Culture,367006
Society and Culture,107003
Society and Culture,650150
Society and Culture,650160
Society and Culture,336161
Society and Culture,396787
Society and Culture,396788
Society and Culture,513900
Society and Culture,513901
Society and Culture,300432
Society and Culture,302172
Society and Culture,751206
Society and Culture,422701
Society and Culture,422711
Society and Culture,422721
Society and Culture,302164
Society and Culture,609065
Society and Culture,302180
Society and Culture,131157
Society and Culture,609490
Society and Culture,426050
Society and Culture,132333
Society and Culture,650180
Society and Culture,132001
Society and Culture,107006
Society and Culture,650200
Society and Culture,727060
Society and Culture,727065
Society and Culture,720191
Society and Culture,720192
Society and Culture,211930
Society and Culture,131162
Society and Culture,361663
Society and Culture,361530
Society and Culture,361528
Society and Culture,361529
Society and Culture,361495
Society and Culture,361497
Society and Culture,751217
Society and Culture,422310
Society and Culture,131161
Society and Culture,197510
Society and Culture,753115
Society and Culture,751297
Society and Culture,302168
Society and Culture,727597
Society and Culture,727598
Society and Culture,727599
Society and Culture,751227
Society and Culture,283337
Society and Culture,336150
Society and Culture,336165
Society and Culture,751215
Society and Culture,751761
Society and Culture,751760
Society and Culture,283347
Society and Culture,283348
Society and Culture,300416
Society and Culture,300412
Society and Culture,751256
Society and Culture,426060
Society and Culture,302170
Society and Culture,131159
Society and Culture,302181
Society and Culture,609060
Society and Culture,365165
Society and Culture,392669
Society and Culture,392672
Society and Culture,513825
Society and Culture,725060
Society and Culture,725065
Society and Culture,751207
Society and Culture,429210
Society and Culture,300150
Society and Culture,300151
Society and Culture,302162
Society and Culture,361522
Society and Culture,361523
Society and Culture,283270
Society and Culture,422300
Society and Culture,300110
Society and Culture,300111
Society and Culture,391657
Society and Culture,391659
Society and Culture,727610
Society and Culture,727615
Society and Culture,727620
Society and Culture,727621
Society and Culture,484050
Society and Culture,484060
Society and Culture,755300
Society and Culture,755301
Society and Culture,720194
Society and Culture,720196
Society and Culture,720198
Society and Culture,751219
Society and Culture,755305
Society and Culture,211850
Society and Culture,211857
Society and Culture,302163
Society and Culture,725070
Society and Culture,725075
Society and Culture,751315
Society and Culture,422301
Society and Culture,540400
Society and Culture,103202
Society and Culture,103203
Society and Culture,283323
Society and Culture,283803
Society and Culture,590440
Society and Culture,160552
Society and Culture,391666
Society and Culture,391667
Society and Culture,513270
Society and Culture,727700
Society and Culture,727705
Society and Culture,211900
Society and Culture,211904
Society and Culture,211905
Society and Culture,331168
Society and Culture,755340
Society and Culture,755341
Society and Culture,422400
Society and Culture,484100
Society and Culture,484110
Society and Culture,183029
Society and Culture,189929
Society and Culture,422401
Society and Culture,422403
Society and Culture,422402
Society and Culture,302415
Society and Culture,755255
Society and Culture,103903
Society and Culture,103904
Society and Culture,211955
Society and Culture,211957
Society and Culture,650230
Society and Culture,103905
Society and Culture,107005
Society and Culture,107013
Society and Culture,107015
Society and Culture,103204
Society and Culture,489816
Society and Culture,489817
Society and Culture,729598
Society and Culture,729599
Society and Culture,729606
Society and Culture,729607
Society and Culture,729392
Society and Culture,729400
Society and Culture,729632
Society and Culture,729439
Society and Culture,109920
Society and Culture,729479
Society and Culture,729480
Society and Culture,729687
Society and Culture,729688
Society and Culture,729691
Society and Culture,729694
Society and Culture,729695
Society and Culture,729476
Society and Culture,729475
Society and Culture,729477
Society and Culture,729481
Society and Culture,591200
Society and Culture,591130
Society and Culture,591134
Society and Culture,160261
Society and Culture,640010
Society and Culture,333012
Society and Culture,333062
Society and Culture,333013
Society and Culture,333063
Society and Culture,333065
Society and Culture,759610
Society and Culture,759625
Society and Culture,283234
Society and Culture,301032
Society and Culture,540404
Society and Culture,540405
Society and Culture,591170
Society and Culture,552190
Society and Culture,540512
Society and Culture,540513
Society and Culture,283232
Society and Culture,283824
Society and Culture,591060
Society and Culture,753140
Society and Culture,591071
Society and Culture,301034
Society and Culture,591180
Society and Culture,591100
Society and Culture,729482
Society and Culture,426000
Society and Culture,130010
Society and Culture,137010
Society and Culture,214167
Society and Culture,211945
Society and Culture,211947
Society and Culture,593000
Society and Culture,301221
Society and Culture,759560
Society and Culture,759565
Society and Culture,759570
